{
    "pt_BR": 0.3080693815987934, 
    "nl": 0.48604826546003016, 
    "fr": 1.0, 
    "sv": 1.0, 
    "tr": 0.9276018099547512, 
    "de": 0.5633484162895928, 
    "uk": 0.8951734539969834, 
    "es": 1.0, 
    "cs": 0.5384615384615384
}